/*
 Navicat Premium Dump SQL

 Source Server         : localhost_3306
 Source Server Type    : MySQL
 Source Server Version : 80044 (8.0.44)
 Source Host           : localhost:3306
 Source Schema         : shared_apartment

 Target Server Type    : MySQL
 Target Server Version : 80044 (8.0.44)
 File Encoding         : 65001

 Date: 04/05/2026 02:27:26
*/

SET NAMES utf8mb4;
SET FOREIGN_KEY_CHECKS = 0;

-- ----------------------------
-- Table structure for apartment
-- ----------------------------
DROP TABLE IF EXISTS `apartment`;
CREATE TABLE `apartment`  (
  `id` bigint NOT NULL AUTO_INCREMENT COMMENT '主键ID',
  `name` varchar(100) CHARACTER SET utf8mb3 COLLATE utf8mb3_bin NOT NULL COMMENT '公寓名称',
  `address` varchar(255) CHARACTER SET utf8mb3 COLLATE utf8mb3_bin NOT NULL COMMENT '公寓地址',
  `total_rooms` int NULL DEFAULT 0 COMMENT '总房间数',
  `admin_id` bigint NOT NULL COMMENT '房东ID',
  `invite_code` varchar(10) CHARACTER SET utf8mb3 COLLATE utf8mb3_bin NOT NULL COMMENT '6位邀请码',
  `description` varchar(255) CHARACTER SET utf8mb3 COLLATE utf8mb3_bin NULL DEFAULT NULL COMMENT '公寓描述',
  `status` tinyint NULL DEFAULT 1 COMMENT '状态：0-已解散，1-正常',
  `create_time` datetime NULL DEFAULT CURRENT_TIMESTAMP COMMENT '创建时间',
  PRIMARY KEY (`id`) USING BTREE,
  UNIQUE INDEX `invite_code`(`invite_code` ASC) USING BTREE
) ENGINE = InnoDB AUTO_INCREMENT = 25 CHARACTER SET = utf8mb3 COLLATE = utf8mb3_bin ROW_FORMAT = Dynamic;

-- ----------------------------
-- Records of apartment
-- ----------------------------
INSERT INTO `apartment` VALUES (1, '滨江小区5栋302', '广州市天河区滨江东路5号302', 3, 1, 'QCDW60', '三室一厅，拎包入住', 1, '2026-03-01 16:49:19');
INSERT INTO `apartment` VALUES (7, '明珠花园12栋704', '广州市越秀区明珠花园12栋704', 2, 1, 'PQR678', '两室一厅，交通便利', 1, '2026-02-27 04:40:31');
INSERT INTO `apartment` VALUES (8, '星辰大厦B座2306', '深圳市南山区星辰大厦B座2306', 3, 1, 'STU901', '三室一厅，高层视野好', 1, '2026-02-27 04:40:31');
INSERT INTO `apartment` VALUES (9, '雅居花园9栋405', '广州市番禺区雅居花园9栋405', 3, 1, 'VWX234', '三室一厅，小区环境优美', 1, '2026-02-27 04:40:31');
INSERT INTO `apartment` VALUES (10, '碧水湾7栋1802', '深圳市宝安区碧水湾7栋1802', 4, 1, 'YZA567', '四室两厅，海景房', 1, '2026-02-27 04:40:31');
INSERT INTO `apartment` VALUES (12, '金域蓝湾6栋3101', '深圳市龙华区金域蓝湾6栋3101', 4, 1, 'EFG123', '四室两厅，豪华装修', 1, '2026-02-27 04:40:31');
INSERT INTO `apartment` VALUES (13, '汇景新城11栋503', '广州市天河区汇景新城11栋503', 3, 1, 'HIJ456', '三室一厅，采光极佳', 1, '2026-02-27 04:40:31');
INSERT INTO `apartment` VALUES (14, '香榭丽舍2栋1502', '深圳市罗湖区香榭丽舍2栋1502', 3, 1, 'KLM789', '三室两厅，欧式风格', 1, '2026-02-27 04:40:31');
INSERT INTO `apartment` VALUES (15, '半山别墅区9号', '广州市黄埔区半山别墅区9号', 5, 1, 'NOP012', '五室三厅，独栋别墅', 1, '2026-02-27 04:40:31');
INSERT INTO `apartment` VALUES (16, '海滨花园1栋2403', '深圳市盐田区海滨花园1栋2403', 3, 1, 'QRS345', '三室一厅，海景房', 1, '2026-02-27 04:40:31');
INSERT INTO `apartment` VALUES (17, '时代广场C座1805', '广州市越秀区时代广场C座1805', 2, 1, 'TUV678', '两室一厅，商业中心', 1, '2026-02-27 04:40:31');
INSERT INTO `apartment` VALUES (18, '龙光城15栋902', '深圳市坪山区龙光城15栋902', 4, 1, 'WXY901', '四室两厅，小区配套齐全', 1, '2026-02-27 04:40:31');
INSERT INTO `apartment` VALUES (19, '珠江帝景5栋3201', '广州市海珠区珠江帝景5栋3201', 4, 1, 'ZAB234', '四室两厅，江景豪宅', 1, '2026-02-27 04:40:31');
INSERT INTO `apartment` VALUES (20, '万科城23栋1104', '深圳市龙岗区万科城23栋1104', 3, 1, 'CDE567', '三室一厅，万科品质', 1, '2026-02-27 04:40:31');
INSERT INTO `apartment` VALUES (21, '保利花园16栋605', '广州市荔湾区保利花园16栋605', 2, 1, 'FGH890', '两室一厅，精装修', 1, '2026-02-27 04:40:31');

-- ----------------------------
-- Table structure for bill
-- ----------------------------
DROP TABLE IF EXISTS `bill`;
CREATE TABLE `bill`  (
  `id` bigint NOT NULL AUTO_INCREMENT COMMENT '主键ID',
  `apartment_id` bigint NOT NULL COMMENT '所属公寓ID',
  `bill_name` varchar(100) CHARACTER SET utf8mb3 COLLATE utf8mb3_bin NOT NULL COMMENT '账单名称',
  `bill_type` tinyint NOT NULL COMMENT '费用类型：1-水电，2-燃气，3-其他，4-房租',
  `total_amount` decimal(10, 2) NOT NULL COMMENT '总金额',
  `bill_period` varchar(20) CHARACTER SET utf8mb3 COLLATE utf8mb3_bin NOT NULL COMMENT '账单周期',
  `attachment` varchar(255) CHARACTER SET utf8mb3 COLLATE utf8mb3_bin NULL DEFAULT NULL COMMENT '缴费凭证图片URL',
  `creator_id` bigint NOT NULL COMMENT '创建人ID',
  `status` tinyint NULL DEFAULT 0 COMMENT '状态：0-待缴费，1-已结清',
  `remark` varchar(255) CHARACTER SET utf8mb3 COLLATE utf8mb3_bin NULL DEFAULT NULL COMMENT '备注',
  `create_time` datetime NULL DEFAULT CURRENT_TIMESTAMP COMMENT '创建时间',
  PRIMARY KEY (`id`) USING BTREE,
  INDEX `apartment_id`(`apartment_id` ASC) USING BTREE,
  CONSTRAINT `bill_ibfk_1` FOREIGN KEY (`apartment_id`) REFERENCES `apartment` (`id`) ON DELETE RESTRICT ON UPDATE RESTRICT
) ENGINE = InnoDB AUTO_INCREMENT = 379 CHARACTER SET = utf8mb3 COLLATE = utf8mb3_bin ROW_FORMAT = Dynamic;

-- ----------------------------
-- Records of bill
-- ----------------------------
INSERT INTO `bill` VALUES (253, 1, '滨江小区5栋302二月水电费', 1, 1434.00, '2024-03', NULL, 1, 1, '水电费最多一次', '2024-03-21 10:00:00');
INSERT INTO `bill` VALUES (256, 1, '房租', 4, 495.00, '2024-03', NULL, 1, 1, '已结清', '2024-03-16 13:00:00');
INSERT INTO `bill` VALUES (258, 1, '房租', 4, 678.00, '2024-04', NULL, 1, 0, '待缴费', '2024-04-15 11:00:00');
INSERT INTO `bill` VALUES (259, 1, '燃气费', 2, 477.00, '2024-04', NULL, 1, 1, '已结清', '2024-04-17 15:00:00');
INSERT INTO `bill` VALUES (260, 1, '燃气费', 2, 995.00, '2024-04', NULL, 1, 1, '已结清', '2024-04-23 13:00:00');
INSERT INTO `bill` VALUES (261, 1, '物业费', 5, 640.00, '2024-04', NULL, 1, 1, '已结清', '2024-04-23 10:00:00');
INSERT INTO `bill` VALUES (262, 1, '燃气费', 2, 1985.00, '2024-05', NULL, 1, 1, '已结清', '2024-05-22 16:00:00');
INSERT INTO `bill` VALUES (263, 1, '网费', 3, 240.00, '2024-05', NULL, 1, 1, '已结清', '2024-05-22 11:00:00');
INSERT INTO `bill` VALUES (264, 1, '水电费', 1, 1520.00, '2024-05', NULL, 1, 1, '已结清', '2024-05-24 13:00:00');
INSERT INTO `bill` VALUES (265, 1, '网费', 3, 1760.00, '2024-05', NULL, 1, 0, '待缴费', '2024-05-16 12:00:00');
INSERT INTO `bill` VALUES (266, 1, '物业费', 5, 1291.00, '2024-05', NULL, 1, 1, '已结清', '2024-05-24 12:00:00');
INSERT INTO `bill` VALUES (267, 1, '水电费', 1, 1742.00, '2024-06', NULL, 1, 1, '已结清', '2024-06-15 10:00:00');
INSERT INTO `bill` VALUES (268, 1, '其他', 6, 1190.00, '2024-06', NULL, 1, 0, '待缴费', '2024-06-23 12:00:00');
INSERT INTO `bill` VALUES (269, 1, '房租', 4, 281.00, '2024-06', NULL, 1, 1, '已结清', '2024-06-16 12:00:00');
INSERT INTO `bill` VALUES (270, 1, '物业费', 5, 1912.00, '2024-06', NULL, 1, 1, '已结清', '2024-06-18 16:00:00');
INSERT INTO `bill` VALUES (271, 1, '网费', 3, 1064.00, '2024-07', NULL, 1, 1, '已结清', '2024-07-20 13:00:00');
INSERT INTO `bill` VALUES (272, 1, '其他', 6, 1978.00, '2024-07', NULL, 1, 0, '待缴费', '2024-07-19 14:00:00');
INSERT INTO `bill` VALUES (273, 1, '燃气费', 2, 494.00, '2024-07', NULL, 1, 1, '已结清', '2024-07-19 17:00:00');
INSERT INTO `bill` VALUES (274, 1, '网费', 3, 1593.00, '2024-07', NULL, 1, 1, '已结清', '2024-07-18 10:00:00');
INSERT INTO `bill` VALUES (275, 1, '水电费', 1, 1400.00, '2024-07', NULL, 1, 1, '已结清', '2024-07-17 13:00:00');
INSERT INTO `bill` VALUES (276, 1, '房租', 4, 238.00, '2024-08', NULL, 1, 1, '已结清', '2024-08-18 15:00:00');
INSERT INTO `bill` VALUES (277, 1, '水电费', 1, 1208.00, '2024-08', NULL, 1, 1, '已结清', '2024-08-22 12:00:00');
INSERT INTO `bill` VALUES (278, 1, '房租', 4, 1562.00, '2024-08', NULL, 1, 1, '已结清', '2024-08-16 12:00:00');
INSERT INTO `bill` VALUES (279, 1, '物业费', 5, 518.00, '2024-08', NULL, 1, 1, '已结清', '2024-08-20 17:00:00');
INSERT INTO `bill` VALUES (280, 1, '网费', 3, 1493.00, '2024-09', NULL, 1, 1, '已结清', '2024-09-22 17:00:00');
INSERT INTO `bill` VALUES (281, 1, '物业费', 5, 1797.00, '2024-09', NULL, 1, 0, '待缴费', '2024-09-21 13:00:00');
INSERT INTO `bill` VALUES (282, 1, '水电费', 1, 1368.00, '2024-09', NULL, 1, 0, '待缴费', '2024-09-22 17:00:00');
INSERT INTO `bill` VALUES (283, 1, '燃气费', 2, 544.00, '2024-09', NULL, 1, 0, '待缴费', '2024-09-22 17:00:00');
INSERT INTO `bill` VALUES (284, 1, '房租', 4, 1133.00, '2024-09', NULL, 1, 1, '已结清', '2024-09-24 10:00:00');
INSERT INTO `bill` VALUES (285, 1, '水电费', 1, 1587.00, '2024-09', NULL, 1, 0, '待缴费', '2024-09-16 10:00:00');
INSERT INTO `bill` VALUES (286, 1, '物业费', 5, 1183.00, '2024-10', NULL, 1, 0, '待缴费', '2024-10-24 11:00:00');
INSERT INTO `bill` VALUES (287, 1, '其他', 6, 1819.00, '2024-10', NULL, 1, 0, '待缴费', '2024-10-24 13:00:00');
INSERT INTO `bill` VALUES (288, 1, '网费', 3, 1847.00, '2024-10', NULL, 1, 1, '已结清', '2024-10-22 14:00:00');
INSERT INTO `bill` VALUES (289, 1, '网费', 3, 923.00, '2024-10', NULL, 1, 1, '已结清', '2024-10-16 14:00:00');
INSERT INTO `bill` VALUES (290, 1, '燃气费', 2, 1585.00, '2024-10', NULL, 1, 0, '待缴费', '2024-10-19 15:00:00');
INSERT INTO `bill` VALUES (291, 1, '其他', 6, 235.00, '2024-11', NULL, 1, 1, '已结清', '2024-11-16 17:00:00');
INSERT INTO `bill` VALUES (292, 1, '其他', 6, 178.00, '2024-11', NULL, 1, 1, '已结清', '2024-11-15 14:00:00');
INSERT INTO `bill` VALUES (293, 1, '物业费', 5, 1191.00, '2024-11', NULL, 1, 1, '已结清', '2024-11-16 10:00:00');
INSERT INTO `bill` VALUES (294, 1, '水电费', 1, 1301.00, '2024-11', NULL, 1, 1, '已结清', '2024-11-15 17:00:00');
INSERT INTO `bill` VALUES (295, 1, '其他', 6, 178.00, '2024-11', NULL, 1, 1, '已结清', '2024-11-19 12:00:00');
INSERT INTO `bill` VALUES (296, 1, '燃气费', 2, 495.00, '2024-11', NULL, 1, 1, '已结清', '2024-11-24 10:00:00');
INSERT INTO `bill` VALUES (297, 1, '网费', 3, 323.00, '2024-12', NULL, 1, 1, '已结清', '2024-12-21 11:00:00');
INSERT INTO `bill` VALUES (298, 1, '其他', 6, 1538.00, '2024-12', NULL, 1, 1, '已结清', '2024-12-18 16:00:00');
INSERT INTO `bill` VALUES (299, 1, '网费', 3, 1774.00, '2024-12', NULL, 1, 1, '已结清', '2024-12-21 13:00:00');
INSERT INTO `bill` VALUES (300, 1, '其他', 6, 695.00, '2024-12', NULL, 1, 1, '已结清', '2024-12-17 12:00:00');
INSERT INTO `bill` VALUES (301, 1, '其他', 6, 1099.00, '2025-01', NULL, 1, 1, '已结清', '2025-01-15 13:00:00');
INSERT INTO `bill` VALUES (302, 1, '水电费', 1, 1391.00, '2025-01', NULL, 1, 1, '已结清', '2025-01-19 16:00:00');
INSERT INTO `bill` VALUES (303, 1, '网费', 3, 1621.00, '2025-01', NULL, 1, 1, '已结清', '2025-01-20 10:00:00');
INSERT INTO `bill` VALUES (304, 1, '房租', 4, 1915.00, '2025-01', NULL, 1, 0, '待缴费', '2025-01-19 16:00:00');
INSERT INTO `bill` VALUES (305, 1, '房租', 4, 485.00, '2025-02', NULL, 1, 1, '已结清', '2025-02-20 11:00:00');
INSERT INTO `bill` VALUES (306, 1, '房租', 4, 882.00, '2025-02', NULL, 1, 1, '已结清', '2025-02-21 14:00:00');
INSERT INTO `bill` VALUES (307, 1, '燃气费', 2, 1577.00, '2025-02', NULL, 1, 0, '待缴费', '2025-02-17 10:00:00');
INSERT INTO `bill` VALUES (308, 1, '燃气费', 2, 887.00, '2025-02', NULL, 1, 0, '待缴费', '2025-02-22 17:00:00');
INSERT INTO `bill` VALUES (309, 1, '燃气费', 2, 1682.00, '2025-02', NULL, 1, 0, '待缴费', '2025-02-20 10:00:00');
INSERT INTO `bill` VALUES (310, 1, '房租', 4, 865.00, '2025-02', NULL, 1, 1, '已结清', '2025-02-21 13:00:00');
INSERT INTO `bill` VALUES (311, 1, '其他', 6, 542.00, '2025-03', NULL, 1, 0, '待缴费', '2025-03-23 12:00:00');
INSERT INTO `bill` VALUES (312, 1, '其他', 6, 1563.00, '2025-03', NULL, 1, 1, '已结清', '2025-03-24 10:00:00');
INSERT INTO `bill` VALUES (313, 1, '其他', 6, 1556.00, '2025-03', NULL, 1, 0, '待缴费', '2025-03-17 16:00:00');
INSERT INTO `bill` VALUES (314, 1, '网费', 3, 1494.00, '2025-03', NULL, 1, 0, '待缴费', '2025-03-24 16:00:00');
INSERT INTO `bill` VALUES (315, 1, '燃气费', 2, 1975.00, '2025-03', NULL, 1, 1, '已结清', '2025-03-24 17:00:00');
INSERT INTO `bill` VALUES (316, 1, '网费', 3, 1692.00, '2025-04', NULL, 1, 0, '待缴费', '2025-04-20 10:00:00');
INSERT INTO `bill` VALUES (317, 1, '水电费', 1, 621.00, '2025-04', NULL, 1, 1, '已结清', '2025-04-23 15:00:00');
INSERT INTO `bill` VALUES (318, 1, '水电费', 1, 221.00, '2025-04', NULL, 1, 1, '已结清', '2025-04-17 15:00:00');
INSERT INTO `bill` VALUES (319, 1, '物业费', 5, 1446.00, '2025-04', NULL, 1, 1, '已结清', '2025-04-20 11:00:00');
INSERT INTO `bill` VALUES (320, 1, '房租', 4, 1811.00, '2025-04', NULL, 1, 1, '已结清', '2025-04-19 16:00:00');
INSERT INTO `bill` VALUES (321, 1, '燃气费', 2, 1850.00, '2025-04', NULL, 1, 1, '已结清', '2025-04-19 17:00:00');
INSERT INTO `bill` VALUES (322, 1, '水电费', 1, 1604.00, '2025-05', NULL, 1, 1, '已结清', '2025-05-15 12:00:00');
INSERT INTO `bill` VALUES (323, 1, '网费', 3, 1548.00, '2025-05', NULL, 1, 1, '已结清', '2025-05-20 17:00:00');
INSERT INTO `bill` VALUES (324, 1, '燃气费', 2, 926.00, '2025-05', NULL, 1, 0, '待缴费', '2025-05-23 10:00:00');
INSERT INTO `bill` VALUES (325, 1, '燃气费', 2, 1524.00, '2025-05', NULL, 1, 1, '已结清', '2025-05-18 11:00:00');
INSERT INTO `bill` VALUES (326, 1, '燃气费', 2, 976.00, '2025-06', NULL, 1, 1, '已结清', '2025-06-23 16:00:00');
INSERT INTO `bill` VALUES (327, 1, '其他', 6, 641.00, '2025-06', NULL, 1, 1, '已结清', '2025-06-21 12:00:00');
INSERT INTO `bill` VALUES (328, 1, '水电费', 1, 1680.00, '2025-06', NULL, 1, 1, '已结清', '2025-06-23 14:00:00');
INSERT INTO `bill` VALUES (329, 1, '燃气费', 2, 1531.00, '2025-06', NULL, 1, 0, '待缴费', '2025-06-21 11:00:00');
INSERT INTO `bill` VALUES (330, 1, '水电费', 1, 1160.00, '2025-06', NULL, 1, 1, '已结清', '2025-06-15 11:00:00');
INSERT INTO `bill` VALUES (331, 1, '其他', 6, 806.00, '2025-06', NULL, 1, 1, '已结清', '2025-06-17 17:00:00');
INSERT INTO `bill` VALUES (332, 1, '网费', 3, 1157.00, '2025-07', NULL, 1, 0, '待缴费', '2025-07-17 12:00:00');
INSERT INTO `bill` VALUES (333, 1, '网费', 3, 509.00, '2025-07', NULL, 1, 0, '待缴费', '2025-07-19 12:00:00');
INSERT INTO `bill` VALUES (334, 1, '燃气费', 2, 264.00, '2025-07', NULL, 1, 1, '已结清', '2025-07-17 10:00:00');
INSERT INTO `bill` VALUES (335, 1, '其他', 6, 612.00, '2025-07', NULL, 1, 1, '已结清', '2025-07-19 11:00:00');
INSERT INTO `bill` VALUES (336, 1, '房租', 4, 1970.00, '2025-08', NULL, 1, 0, '待缴费', '2025-08-16 15:00:00');
INSERT INTO `bill` VALUES (337, 1, '水电费', 1, 571.00, '2025-08', NULL, 1, 1, '已结清', '2025-08-23 12:00:00');
INSERT INTO `bill` VALUES (338, 1, '水电费', 1, 236.00, '2025-08', NULL, 1, 0, '待缴费', '2025-08-17 11:00:00');
INSERT INTO `bill` VALUES (339, 1, '网费', 3, 561.00, '2025-08', NULL, 1, 1, '已结清', '2025-08-21 14:00:00');
INSERT INTO `bill` VALUES (340, 1, '网费', 3, 1697.00, '2025-08', NULL, 1, 1, '已结清', '2025-08-17 16:00:00');
INSERT INTO `bill` VALUES (341, 1, '燃气费', 2, 430.00, '2025-08', NULL, 1, 1, '已结清', '2025-08-15 16:00:00');
INSERT INTO `bill` VALUES (342, 1, '网费', 3, 1334.00, '2025-09', NULL, 1, 0, '待缴费', '2025-09-20 17:00:00');
INSERT INTO `bill` VALUES (343, 1, '其他', 6, 1217.00, '2025-09', NULL, 1, 1, '已结清', '2025-09-16 13:00:00');
INSERT INTO `bill` VALUES (344, 1, '其他', 6, 1120.00, '2025-09', NULL, 1, 1, '已结清', '2025-09-19 14:00:00');
INSERT INTO `bill` VALUES (345, 1, '网费', 3, 1448.00, '2025-09', NULL, 1, 1, '已结清', '2025-09-20 10:00:00');
INSERT INTO `bill` VALUES (346, 1, '物业费', 5, 332.00, '2025-09', NULL, 1, 1, '已结清', '2025-09-16 11:00:00');
INSERT INTO `bill` VALUES (347, 1, '网费', 3, 1472.00, '2025-09', NULL, 1, 1, '已结清', '2025-09-19 12:00:00');
INSERT INTO `bill` VALUES (348, 1, '其他', 6, 110.00, '2025-10', NULL, 1, 0, '待缴费', '2025-10-22 10:00:00');
INSERT INTO `bill` VALUES (349, 1, '水电费', 1, 579.00, '2025-10', NULL, 1, 1, '已结清', '2025-10-15 10:00:00');
INSERT INTO `bill` VALUES (350, 1, '网费', 3, 1751.00, '2025-10', NULL, 1, 1, '已结清', '2025-10-23 10:00:00');
INSERT INTO `bill` VALUES (351, 1, '其他', 6, 514.00, '2025-10', NULL, 1, 1, '已结清', '2025-10-17 15:00:00');
INSERT INTO `bill` VALUES (352, 1, '其他', 6, 1796.00, '2025-10', NULL, 1, 1, '已结清', '2025-10-20 11:00:00');
INSERT INTO `bill` VALUES (353, 1, '物业费', 5, 123.00, '2025-10', NULL, 1, 1, '已结清', '2025-10-23 11:00:00');
INSERT INTO `bill` VALUES (354, 1, '房租', 4, 1035.00, '2025-11', NULL, 1, 1, '已结清', '2025-11-17 10:00:00');
INSERT INTO `bill` VALUES (355, 1, '网费', 3, 1691.00, '2025-11', NULL, 1, 1, '已结清', '2025-11-23 17:00:00');
INSERT INTO `bill` VALUES (356, 1, '物业费', 5, 360.00, '2025-11', NULL, 1, 1, '已结清', '2025-11-17 11:00:00');
INSERT INTO `bill` VALUES (357, 1, '燃气费', 2, 832.00, '2025-11', NULL, 1, 1, '已结清', '2025-11-17 12:00:00');
INSERT INTO `bill` VALUES (358, 1, '水电费', 1, 1937.00, '2025-11', NULL, 1, 1, '已结清', '2025-11-16 14:00:00');
INSERT INTO `bill` VALUES (359, 1, '其他', 6, 1721.00, '2025-11', NULL, 1, 0, '待缴费', '2025-11-21 10:00:00');
INSERT INTO `bill` VALUES (360, 1, '物业费', 5, 288.00, '2025-12', NULL, 1, 0, '待缴费', '2025-12-21 12:00:00');
INSERT INTO `bill` VALUES (361, 1, '水电费', 1, 298.00, '2025-12', NULL, 1, 1, '已结清', '2025-12-16 17:00:00');
INSERT INTO `bill` VALUES (362, 1, '物业费', 5, 1144.00, '2025-12', NULL, 1, 0, '待缴费', '2025-12-24 17:00:00');
INSERT INTO `bill` VALUES (363, 1, '燃气费', 2, 468.00, '2025-12', NULL, 1, 0, '待缴费', '2025-12-24 17:00:00');
INSERT INTO `bill` VALUES (364, 1, '燃气费', 2, 1249.00, '2026-01', NULL, 1, 1, '已结清', '2026-01-15 11:00:00');
INSERT INTO `bill` VALUES (365, 1, '水电费', 1, 592.00, '2026-01', NULL, 1, 0, '待缴费', '2026-01-22 16:00:00');
INSERT INTO `bill` VALUES (366, 1, '物业费', 5, 1506.00, '2026-01', NULL, 1, 0, '待缴费', '2026-01-19 15:00:00');
INSERT INTO `bill` VALUES (367, 1, '房租', 4, 1904.00, '2026-01', NULL, 1, 1, '已结清', '2026-01-19 12:00:00');
INSERT INTO `bill` VALUES (368, 1, '燃气费', 2, 1772.00, '2026-02', NULL, 1, 1, '已结清', '2026-02-24 10:00:00');
INSERT INTO `bill` VALUES (369, 1, '网费', 3, 377.00, '2026-02', NULL, 1, 0, '待缴费', '2026-02-19 10:00:00');
INSERT INTO `bill` VALUES (370, 1, '房租', 4, 1188.00, '2026-02', NULL, 1, 1, '已结清', '2026-02-17 17:00:00');
INSERT INTO `bill` VALUES (371, 1, '网费', 3, 1371.00, '2026-02', NULL, 1, 1, '已结清', '2026-02-16 10:00:00');
INSERT INTO `bill` VALUES (372, 1, '房租', 4, 1071.00, '2026-02', NULL, 1, 0, '待缴费', '2026-02-16 16:00:00');
INSERT INTO `bill` VALUES (373, 1, '究极水电费', 1, 1232.00, '2026-03', NULL, 1, 0, '待缴费', '2026-03-03 16:39:02');
INSERT INTO `bill` VALUES (374, 1, '广工商', 1, 3.01, '2026-03', NULL, 1, 1, '很多钱', '2026-03-03 16:47:51');
INSERT INTO `bill` VALUES (376, 1, '五四三二一', 1, 0.01, '2026-05', NULL, 1, 0, '阿达是的', '2026-03-03 17:21:46');
INSERT INTO `bill` VALUES (377, 1, '广工商大别墅', 4, 2000.00, '2026-03', NULL, 1, 0, '很贵', '2026-03-03 17:35:22');
INSERT INTO `bill` VALUES (378, 1, '2026年3月份水电', 1, 200.00, '2026-03', NULL, 1, 0, '请尽快提交', '2026-03-04 22:55:35');

-- ----------------------------
-- Table structure for message
-- ----------------------------
DROP TABLE IF EXISTS `message`;
CREATE TABLE `message`  (
  `id` bigint NOT NULL AUTO_INCREMENT COMMENT '主键ID',
  `user_id` bigint NOT NULL COMMENT '接收用户ID',
  `message_type` tinyint NOT NULL COMMENT '消息类型：1-账单提醒，2-事务分配，3-状态变更',
  `title` varchar(100) CHARACTER SET utf8mb3 COLLATE utf8mb3_bin NOT NULL COMMENT '消息标题',
  `content` varchar(255) CHARACTER SET utf8mb3 COLLATE utf8mb3_bin NOT NULL COMMENT '消息内容',
  `biz_id` bigint NULL DEFAULT NULL COMMENT '业务ID',
  `is_read` tinyint NULL DEFAULT 0 COMMENT '是否已读：0-未读，1-已读',
  `create_time` datetime NULL DEFAULT CURRENT_TIMESTAMP COMMENT '创建时间',
  PRIMARY KEY (`id`) USING BTREE,
  INDEX `user_id`(`user_id` ASC) USING BTREE,
  CONSTRAINT `message_ibfk_1` FOREIGN KEY (`user_id`) REFERENCES `user` (`id`) ON DELETE RESTRICT ON UPDATE RESTRICT
) ENGINE = InnoDB AUTO_INCREMENT = 29 CHARACTER SET = utf8mb3 COLLATE = utf8mb3_bin ROW_FORMAT = Dynamic;

-- ----------------------------
-- Records of message
-- ----------------------------
INSERT INTO `message` VALUES (1, 1, 1, '新账单生成', '2026年3月水电费已生成，请及时查看', 3, 1, '2026-03-25 15:20:00');
INSERT INTO `message` VALUES (2, 2, 2, '新事务分配', '您被指定为\"洗衣机维修\"的责任人', 2, 1, '2026-02-25 09:30:00');
INSERT INTO `message` VALUES (22, 2, 2, '新事务：3月份水电费', '公寓有新事务：请尽快提交', NULL, 1, '2026-03-04 22:56:25');
INSERT INTO `message` VALUES (23, 3, 2, '新事务：3月份水电费', '公寓有新事务：请尽快提交', NULL, 0, '2026-03-04 22:56:25');
INSERT INTO `message` VALUES (25, 1, 2, '您发布了一个新事务：3月份水电费', '您发布的事务：请尽快提交', NULL, 0, '2026-03-04 22:56:25');
INSERT INTO `message` VALUES (26, 2, 2, '新事务：3月份大扫除', '公寓有新事务：各位租客请共同完成卫生值日。', 7, 1, '2026-03-04 22:59:16');
INSERT INTO `message` VALUES (27, 3, 2, '新事务：3月份大扫除', '公寓有新事务：各位租客请共同完成卫生值日。', 7, 0, '2026-03-04 22:59:16');

-- ----------------------------
-- Table structure for payment
-- ----------------------------
DROP TABLE IF EXISTS `payment`;
CREATE TABLE `payment`  (
  `id` bigint NOT NULL AUTO_INCREMENT COMMENT '主键ID',
  `bill_id` bigint NOT NULL COMMENT '所属账单ID',
  `user_id` bigint NOT NULL COMMENT '缴费用户ID',
  `amount` decimal(10, 2) NOT NULL COMMENT '应缴金额',
  `status` tinyint NULL DEFAULT 0 COMMENT '支付状态：0-未支付，1-已支付',
  `pay_time` datetime NULL DEFAULT NULL COMMENT '缴费时间',
  `pay_method` tinyint NULL DEFAULT NULL COMMENT '支付方式：1-微信，2-支付宝，3-现金',
  `transaction_id` varchar(100) CHARACTER SET utf8mb3 COLLATE utf8mb3_bin NULL DEFAULT NULL COMMENT '支付流水号',
  `create_time` datetime NULL DEFAULT CURRENT_TIMESTAMP COMMENT '创建时间',
  PRIMARY KEY (`id`) USING BTREE,
  INDEX `bill_id`(`bill_id` ASC) USING BTREE,
  INDEX `user_id`(`user_id` ASC) USING BTREE,
  CONSTRAINT `payment_ibfk_1` FOREIGN KEY (`bill_id`) REFERENCES `bill` (`id`) ON DELETE RESTRICT ON UPDATE RESTRICT,
  CONSTRAINT `payment_ibfk_2` FOREIGN KEY (`user_id`) REFERENCES `user` (`id`) ON DELETE RESTRICT ON UPDATE RESTRICT
) ENGINE = InnoDB AUTO_INCREMENT = 293 CHARACTER SET = utf8mb3 COLLATE = utf8mb3_bin ROW_FORMAT = Dynamic;

-- ----------------------------
-- Records of payment
-- ----------------------------
INSERT INTO `payment` VALUES (29, 253, 2, 717.00, 1, '2024-03-25 15:00:00', 3, 'TRX1772091782221739', '2026-02-26 15:43:02');
INSERT INTO `payment` VALUES (30, 253, 3, 717.00, 1, '2024-03-23 11:00:00', 3, 'TRX1772091782225896', '2026-02-26 15:43:02');
INSERT INTO `payment` VALUES (35, 256, 2, 285.85, 1, '2024-03-18 13:00:00', 1, 'TRX1772091782259204', '2026-02-26 15:43:02');
INSERT INTO `payment` VALUES (36, 256, 3, 209.15, 1, '2024-03-19 17:00:00', 2, 'TRX1772091782259848', '2026-02-26 15:43:02');
INSERT INTO `payment` VALUES (39, 258, 2, 391.52, 0, NULL, NULL, NULL, '2026-02-26 15:43:02');
INSERT INTO `payment` VALUES (40, 258, 3, 286.48, 0, NULL, NULL, NULL, '2026-02-26 15:43:02');
INSERT INTO `payment` VALUES (41, 259, 2, 238.50, 1, '2024-04-18 20:00:00', 3, 'TRX1772091782276251', '2026-02-26 15:43:02');
INSERT INTO `payment` VALUES (42, 259, 3, 238.50, 1, '2024-04-21 22:00:00', 3, 'TRX177209178227712', '2026-02-26 15:43:02');
INSERT INTO `payment` VALUES (43, 260, 2, 497.50, 1, '2024-04-24 14:00:00', 1, 'TRX1772091782280350', '2026-02-26 15:43:02');
INSERT INTO `payment` VALUES (44, 260, 3, 497.50, 1, '2024-04-24 14:00:00', 2, 'TRX1772091782280688', '2026-02-26 15:43:02');
INSERT INTO `payment` VALUES (45, 261, 2, 369.58, 1, '2024-04-26 12:00:00', 1, 'TRX1772091782285530', '2026-02-26 15:43:02');
INSERT INTO `payment` VALUES (46, 261, 3, 270.42, 1, '2024-04-27 10:00:00', 1, 'TRX1772091782287134', '2026-02-26 15:43:02');
INSERT INTO `payment` VALUES (47, 262, 2, 992.50, 1, '2024-05-24 16:00:00', 2, 'TRX1772091782288354', '2026-02-26 15:43:02');
INSERT INTO `payment` VALUES (48, 262, 3, 992.50, 1, '2024-05-23 17:00:00', 2, 'TRX1772091782289497', '2026-02-26 15:43:02');
INSERT INTO `payment` VALUES (49, 263, 2, 120.00, 1, '2024-05-24 15:00:00', 2, 'TRX1772091782291696', '2026-02-26 15:43:02');
INSERT INTO `payment` VALUES (50, 263, 3, 120.00, 1, '2024-05-24 18:00:00', 3, 'TRX1772091782291884', '2026-02-26 15:43:02');
INSERT INTO `payment` VALUES (51, 264, 2, 760.00, 1, '2024-05-25 13:00:00', 2, 'TRX1772091782294237', '2026-02-26 15:43:02');
INSERT INTO `payment` VALUES (52, 264, 3, 760.00, 1, '2024-05-28 16:00:00', 1, 'TRX1772091782296927', '2026-02-26 15:43:02');
INSERT INTO `payment` VALUES (53, 265, 2, 880.00, 0, NULL, NULL, NULL, '2026-02-26 15:43:02');
INSERT INTO `payment` VALUES (54, 265, 3, 880.00, 0, NULL, NULL, NULL, '2026-02-26 15:43:02');
INSERT INTO `payment` VALUES (55, 266, 2, 745.51, 1, '2024-05-25 14:00:00', 1, 'TRX1772091782305190', '2026-02-26 15:43:02');
INSERT INTO `payment` VALUES (56, 266, 3, 545.49, 1, '2024-05-26 13:00:00', 2, 'TRX1772091782307243', '2026-02-26 15:43:02');
INSERT INTO `payment` VALUES (57, 267, 2, 871.00, 1, '2024-06-16 16:00:00', 2, 'TRX1772091782309783', '2026-02-26 15:43:02');
INSERT INTO `payment` VALUES (58, 267, 3, 871.00, 1, '2024-06-17 12:00:00', 1, 'TRX1772091782310826', '2026-02-26 15:43:02');
INSERT INTO `payment` VALUES (59, 268, 2, 595.00, 0, NULL, NULL, NULL, '2026-02-26 15:43:02');
INSERT INTO `payment` VALUES (60, 268, 3, 595.00, 0, NULL, NULL, NULL, '2026-02-26 15:43:02');
INSERT INTO `payment` VALUES (61, 269, 2, 162.27, 1, '2024-06-18 15:00:00', 2, 'TRX1772091782319545', '2026-02-26 15:43:02');
INSERT INTO `payment` VALUES (62, 269, 3, 118.73, 1, '2024-06-20 14:00:00', 3, 'TRX1772091782319882', '2026-02-26 15:43:02');
INSERT INTO `payment` VALUES (63, 270, 2, 1104.11, 1, '2024-06-22 20:00:00', 3, 'TRX1772091782323877', '2026-02-26 15:43:02');
INSERT INTO `payment` VALUES (64, 270, 3, 807.89, 1, '2024-06-20 18:00:00', 3, 'TRX1772091782323457', '2026-02-26 15:43:02');
INSERT INTO `payment` VALUES (65, 271, 2, 532.00, 1, '2024-07-21 15:00:00', 3, 'TRX1772091782326607', '2026-02-26 15:43:02');
INSERT INTO `payment` VALUES (66, 271, 3, 532.00, 1, '2024-07-23 13:00:00', 2, 'TRX1772091782328183', '2026-02-26 15:43:02');
INSERT INTO `payment` VALUES (67, 272, 2, 989.00, 0, NULL, NULL, NULL, '2026-02-26 15:43:02');
INSERT INTO `payment` VALUES (68, 272, 3, 989.00, 0, NULL, NULL, NULL, '2026-02-26 15:43:02');
INSERT INTO `payment` VALUES (69, 273, 2, 247.00, 1, '2024-07-22 22:00:00', 1, 'TRX1772091782335902', '2026-02-26 15:43:02');
INSERT INTO `payment` VALUES (70, 273, 3, 247.00, 1, '2024-07-22 17:00:00', 1, 'TRX1772091782335689', '2026-02-26 15:43:02');
INSERT INTO `payment` VALUES (71, 274, 2, 796.50, 1, '2024-07-19 10:00:00', 1, 'TRX1772091782338208', '2026-02-26 15:43:02');
INSERT INTO `payment` VALUES (72, 274, 3, 796.50, 1, '2024-07-22 14:00:00', 1, 'TRX1772091782338761', '2026-02-26 15:43:02');
INSERT INTO `payment` VALUES (73, 275, 2, 700.00, 1, '2024-07-19 13:00:00', 3, 'TRX1772091782341648', '2026-02-26 15:43:02');
INSERT INTO `payment` VALUES (74, 275, 3, 700.00, 1, '2024-07-18 16:00:00', 3, 'TRX1772091782343673', '2026-02-26 15:43:02');
INSERT INTO `payment` VALUES (75, 276, 2, 137.44, 1, '2024-08-21 19:00:00', 2, 'TRX1772091782347282', '2026-02-26 15:43:02');
INSERT INTO `payment` VALUES (76, 276, 3, 100.56, 1, '2024-08-21 18:00:00', 2, 'TRX177209178234787', '2026-02-26 15:43:02');
INSERT INTO `payment` VALUES (77, 277, 2, 604.00, 1, '2024-08-26 14:00:00', 2, 'TRX1772091782351691', '2026-02-26 15:43:02');
INSERT INTO `payment` VALUES (78, 277, 3, 604.00, 1, '2024-08-26 16:00:00', 1, 'TRX1772091782353895', '2026-02-26 15:43:02');
INSERT INTO `payment` VALUES (79, 278, 2, 902.00, 1, '2024-08-20 17:00:00', 1, 'TRX1772091782356715', '2026-02-26 15:43:02');
INSERT INTO `payment` VALUES (80, 278, 3, 660.00, 1, '2024-08-18 19:00:00', 1, 'TRX1772091782356583', '2026-02-26 15:43:02');
INSERT INTO `payment` VALUES (81, 279, 2, 299.13, 1, '2024-08-24 20:00:00', 1, 'TRX17720917823614', '2026-02-26 15:43:02');
INSERT INTO `payment` VALUES (82, 279, 3, 218.87, 1, '2024-08-21 20:00:00', 3, 'TRX1772091782361715', '2026-02-26 15:43:02');
INSERT INTO `payment` VALUES (83, 280, 2, 746.50, 1, '2024-09-24 19:00:00', 2, 'TRX177209178236433', '2026-02-26 15:43:02');
INSERT INTO `payment` VALUES (84, 280, 3, 746.50, 1, '2024-09-26 21:00:00', 3, 'TRX1772091782364975', '2026-02-26 15:43:02');
INSERT INTO `payment` VALUES (85, 281, 2, 1037.70, 0, NULL, NULL, NULL, '2026-02-26 15:43:02');
INSERT INTO `payment` VALUES (86, 281, 3, 759.30, 0, NULL, NULL, NULL, '2026-02-26 15:43:02');
INSERT INTO `payment` VALUES (87, 282, 2, 684.00, 0, NULL, NULL, NULL, '2026-02-26 15:43:02');
INSERT INTO `payment` VALUES (88, 282, 3, 684.00, 0, NULL, NULL, NULL, '2026-02-26 15:43:02');
INSERT INTO `payment` VALUES (89, 283, 2, 272.00, 0, NULL, NULL, NULL, '2026-02-26 15:43:02');
INSERT INTO `payment` VALUES (90, 283, 3, 272.00, 0, NULL, NULL, NULL, '2026-02-26 15:43:02');
INSERT INTO `payment` VALUES (91, 284, 2, 654.27, 1, '2024-09-27 15:00:00', 2, 'TRX1772091782381770', '2026-02-26 15:43:02');
INSERT INTO `payment` VALUES (92, 284, 3, 478.73, 1, '2024-09-27 16:00:00', 2, 'TRX1772091782381219', '2026-02-26 15:43:02');
INSERT INTO `payment` VALUES (93, 285, 2, 793.50, 0, NULL, NULL, NULL, '2026-02-26 15:43:02');
INSERT INTO `payment` VALUES (94, 285, 3, 793.50, 0, NULL, NULL, NULL, '2026-02-26 15:43:02');
INSERT INTO `payment` VALUES (95, 286, 2, 683.14, 0, NULL, NULL, NULL, '2026-02-26 15:43:02');
INSERT INTO `payment` VALUES (96, 286, 3, 499.86, 0, NULL, NULL, NULL, '2026-02-26 15:43:02');
INSERT INTO `payment` VALUES (97, 287, 2, 909.50, 0, NULL, NULL, NULL, '2026-02-26 15:43:02');
INSERT INTO `payment` VALUES (98, 287, 3, 909.50, 0, NULL, NULL, NULL, '2026-02-26 15:43:02');
INSERT INTO `payment` VALUES (99, 288, 2, 923.50, 1, '2024-10-26 16:00:00', 2, 'TRX1772091782393405', '2026-02-26 15:43:02');
INSERT INTO `payment` VALUES (100, 288, 3, 923.50, 1, '2024-10-25 16:00:00', 1, 'TRX1772091782394429', '2026-02-26 15:43:02');
INSERT INTO `payment` VALUES (101, 289, 2, 461.50, 1, '2024-10-18 15:00:00', 3, 'TRX177209178239875', '2026-02-26 15:43:02');
INSERT INTO `payment` VALUES (102, 289, 3, 461.50, 1, '2024-10-19 17:00:00', 3, 'TRX1772091782398149', '2026-02-26 15:43:02');
INSERT INTO `payment` VALUES (103, 290, 2, 792.50, 0, NULL, NULL, NULL, '2026-02-26 15:43:02');
INSERT INTO `payment` VALUES (104, 290, 3, 792.50, 0, NULL, NULL, NULL, '2026-02-26 15:43:02');
INSERT INTO `payment` VALUES (105, 291, 2, 117.50, 1, '2024-11-18 22:00:00', 3, 'TRX1772091782405274', '2026-02-26 15:43:02');
INSERT INTO `payment` VALUES (106, 291, 3, 117.50, 1, '2024-11-20 21:00:00', 3, 'TRX1772091782405450', '2026-02-26 15:43:02');
INSERT INTO `payment` VALUES (107, 292, 2, 89.00, 1, '2024-11-16 19:00:00', 3, 'TRX1772091782410823', '2026-02-26 15:43:02');
INSERT INTO `payment` VALUES (108, 292, 3, 89.00, 1, '2024-11-16 18:00:00', 3, 'TRX1772091782410735', '2026-02-26 15:43:02');
INSERT INTO `payment` VALUES (109, 293, 2, 687.76, 1, '2024-11-19 14:00:00', 3, 'TRX1772091782413721', '2026-02-26 15:43:02');
INSERT INTO `payment` VALUES (110, 293, 3, 503.24, 1, '2024-11-17 13:00:00', 1, 'TRX1772091782415994', '2026-02-26 15:43:02');
INSERT INTO `payment` VALUES (111, 294, 2, 650.50, 1, '2024-11-16 18:00:00', 2, 'TRX1772091782416307', '2026-02-26 15:43:02');
INSERT INTO `payment` VALUES (112, 294, 3, 650.50, 1, '2024-11-16 19:00:00', 3, 'TRX1772091782416601', '2026-02-26 15:43:02');
INSERT INTO `payment` VALUES (113, 295, 2, 89.00, 1, '2024-11-20 14:00:00', 1, 'TRX1772091782419192', '2026-02-26 15:43:02');
INSERT INTO `payment` VALUES (114, 295, 3, 89.00, 1, '2024-11-21 16:00:00', 3, 'TRX1772091782421917', '2026-02-26 15:43:02');
INSERT INTO `payment` VALUES (115, 296, 2, 247.50, 1, '2024-11-25 14:00:00', 2, 'TRX1772091782422663', '2026-02-26 15:43:02');
INSERT INTO `payment` VALUES (116, 296, 3, 247.50, 1, '2024-11-28 16:00:00', 3, 'TRX177209178242496', '2026-02-26 15:43:02');
INSERT INTO `payment` VALUES (117, 297, 2, 161.50, 1, '2024-12-23 12:00:00', 1, 'TRX1772091782425406', '2026-02-26 15:43:02');
INSERT INTO `payment` VALUES (118, 297, 3, 161.50, 1, '2024-12-22 12:00:00', 1, 'TRX1772091782425128', '2026-02-26 15:43:02');
INSERT INTO `payment` VALUES (119, 298, 2, 769.00, 1, '2024-12-22 16:00:00', 3, 'TRX1772091782429879', '2026-02-26 15:43:02');
INSERT INTO `payment` VALUES (120, 298, 3, 769.00, 1, '2024-12-21 16:00:00', 1, 'TRX1772091782430300', '2026-02-26 15:43:02');
INSERT INTO `payment` VALUES (121, 299, 2, 887.00, 1, '2024-12-23 13:00:00', 2, 'TRX1772091782432752', '2026-02-26 15:43:02');
INSERT INTO `payment` VALUES (122, 299, 3, 887.00, 1, '2024-12-23 20:00:00', 3, 'TRX1772091782433987', '2026-02-26 15:43:02');
INSERT INTO `payment` VALUES (123, 300, 2, 347.50, 1, '2024-12-19 18:00:00', 3, 'TRX1772091782435404', '2026-02-26 15:43:02');
INSERT INTO `payment` VALUES (124, 300, 3, 347.50, 1, '2024-12-18 16:00:00', 1, 'TRX1772091782435146', '2026-02-26 15:43:02');
INSERT INTO `payment` VALUES (125, 301, 2, 549.50, 1, '2025-01-18 13:00:00', 3, 'TRX1772091782438301', '2026-02-26 15:43:02');
INSERT INTO `payment` VALUES (126, 301, 3, 549.50, 1, '2025-01-16 16:00:00', 3, 'TRX1772091782439908', '2026-02-26 15:43:02');
INSERT INTO `payment` VALUES (127, 302, 2, 695.50, 1, '2025-01-21 16:00:00', 2, 'TRX1772091782442860', '2026-02-26 15:43:02');
INSERT INTO `payment` VALUES (128, 302, 3, 695.50, 1, '2025-01-20 23:00:00', 2, 'TRX1772091782444753', '2026-02-26 15:43:02');
INSERT INTO `payment` VALUES (129, 303, 2, 810.50, 1, '2025-01-22 10:00:00', 3, 'TRX1772091782446420', '2026-02-26 15:43:02');
INSERT INTO `payment` VALUES (130, 303, 3, 810.50, 1, '2025-01-22 12:00:00', 3, 'TRX1772091782447353', '2026-02-26 15:43:02');
INSERT INTO `payment` VALUES (131, 304, 2, 1105.85, 0, NULL, NULL, NULL, '2026-02-26 15:43:02');
INSERT INTO `payment` VALUES (132, 304, 3, 809.15, 0, NULL, NULL, NULL, '2026-02-26 15:43:02');
INSERT INTO `payment` VALUES (133, 305, 2, 280.07, 1, '2025-02-24 13:00:00', 1, 'TRX1772091782461468', '2026-02-26 15:43:02');
INSERT INTO `payment` VALUES (134, 305, 3, 204.93, 1, '2025-02-21 13:00:00', 2, 'TRX1772091782462464', '2026-02-26 15:43:02');
INSERT INTO `payment` VALUES (135, 306, 2, 509.32, 1, '2025-02-25 17:00:00', 2, 'TRX1772091782467507', '2026-02-26 15:43:02');
INSERT INTO `payment` VALUES (136, 306, 3, 372.68, 1, '2025-02-24 16:00:00', 3, 'TRX1772091782467481', '2026-02-26 15:43:02');
INSERT INTO `payment` VALUES (137, 307, 2, 788.50, 0, NULL, NULL, NULL, '2026-02-26 15:43:02');
INSERT INTO `payment` VALUES (138, 307, 3, 788.50, 0, NULL, NULL, NULL, '2026-02-26 15:43:02');
INSERT INTO `payment` VALUES (139, 308, 2, 443.50, 0, NULL, NULL, NULL, '2026-02-26 15:43:02');
INSERT INTO `payment` VALUES (140, 308, 3, 443.50, 0, NULL, NULL, NULL, '2026-02-26 15:43:02');
INSERT INTO `payment` VALUES (141, 309, 2, 841.00, 0, NULL, NULL, NULL, '2026-02-26 15:43:02');
INSERT INTO `payment` VALUES (142, 309, 3, 841.00, 0, NULL, NULL, NULL, '2026-02-26 15:43:02');
INSERT INTO `payment` VALUES (143, 310, 2, 499.51, 1, '2025-02-22 13:00:00', 3, 'TRX1772091782483796', '2026-02-26 15:43:02');
INSERT INTO `payment` VALUES (144, 310, 3, 365.49, 1, '2025-02-25 14:00:00', 3, 'TRX1772091782484437', '2026-02-26 15:43:02');
INSERT INTO `payment` VALUES (145, 311, 2, 271.00, 0, NULL, NULL, NULL, '2026-02-26 15:43:02');
INSERT INTO `payment` VALUES (146, 311, 3, 271.00, 0, NULL, NULL, NULL, '2026-02-26 15:43:02');
INSERT INTO `payment` VALUES (147, 312, 2, 781.50, 1, '2025-03-25 11:00:00', 1, 'TRX1772091782489729', '2026-02-26 15:43:02');
INSERT INTO `payment` VALUES (148, 312, 3, 781.50, 1, '2025-03-26 14:00:00', 2, 'TRX1772091782491611', '2026-02-26 15:43:02');
INSERT INTO `payment` VALUES (149, 313, 2, 778.00, 0, NULL, NULL, NULL, '2026-02-26 15:43:02');
INSERT INTO `payment` VALUES (150, 313, 3, 778.00, 0, NULL, NULL, NULL, '2026-02-26 15:43:02');
INSERT INTO `payment` VALUES (151, 314, 2, 747.00, 0, NULL, NULL, NULL, '2026-02-26 15:43:02');
INSERT INTO `payment` VALUES (152, 314, 3, 747.00, 0, NULL, NULL, NULL, '2026-02-26 15:43:02');
INSERT INTO `payment` VALUES (153, 315, 2, 987.50, 1, '2025-03-27 18:00:00', 2, 'TRX177209178249798', '2026-02-26 15:43:02');
INSERT INTO `payment` VALUES (154, 315, 3, 987.50, 1, '2025-03-26 18:00:00', 3, 'TRX1772091782498367', '2026-02-26 15:43:02');
INSERT INTO `payment` VALUES (155, 316, 2, 846.00, 0, NULL, NULL, NULL, '2026-02-26 15:43:02');
INSERT INTO `payment` VALUES (156, 316, 3, 846.00, 0, NULL, NULL, NULL, '2026-02-26 15:43:03');
INSERT INTO `payment` VALUES (157, 317, 2, 310.50, 1, '2025-04-24 18:00:00', 1, 'TRX1772091782503277', '2026-02-26 15:43:03');
INSERT INTO `payment` VALUES (158, 317, 3, 310.50, 1, '2025-04-27 22:00:00', 3, 'TRX1772091782504965', '2026-02-26 15:43:03');
INSERT INTO `payment` VALUES (159, 318, 2, 110.50, 1, '2025-04-19 21:00:00', 3, 'TRX1772091782506276', '2026-02-26 15:43:03');
INSERT INTO `payment` VALUES (160, 318, 3, 110.50, 1, '2025-04-19 19:00:00', 3, 'TRX1772091782507628', '2026-02-26 15:43:03');
INSERT INTO `payment` VALUES (161, 319, 2, 835.01, 1, '2025-04-21 14:00:00', 2, 'TRX1772091782510900', '2026-02-26 15:43:03');
INSERT INTO `payment` VALUES (162, 319, 3, 610.99, 1, '2025-04-22 14:00:00', 1, 'TRX1772091782512493', '2026-02-26 15:43:03');
INSERT INTO `payment` VALUES (163, 320, 2, 1045.79, 1, '2025-04-22 20:00:00', 2, 'TRX1772091782518706', '2026-02-26 15:43:03');
INSERT INTO `payment` VALUES (164, 320, 3, 765.21, 1, '2025-04-22 22:00:00', 2, 'TRX1772091782519610', '2026-02-26 15:43:03');
INSERT INTO `payment` VALUES (165, 321, 2, 925.00, 1, '2025-04-23 20:00:00', 2, 'TRX1772091782523534', '2026-02-26 15:43:03');
INSERT INTO `payment` VALUES (166, 321, 3, 925.00, 1, '2025-04-23 22:00:00', 3, 'TRX1772091782524121', '2026-02-26 15:43:03');
INSERT INTO `payment` VALUES (167, 322, 2, 802.00, 1, '2025-05-17 12:00:00', 2, 'TRX1772091782526505', '2026-02-26 15:43:03');
INSERT INTO `payment` VALUES (168, 322, 3, 802.00, 1, '2025-05-16 14:00:00', 2, 'TRX1772091782528481', '2026-02-26 15:43:03');
INSERT INTO `payment` VALUES (169, 323, 2, 774.00, 1, '2025-05-24 22:00:00', 3, 'TRX1772091782530128', '2026-02-26 15:43:03');
INSERT INTO `payment` VALUES (170, 323, 3, 774.00, 1, '2025-05-24 22:00:00', 2, 'TRX1772091782530754', '2026-02-26 15:43:03');
INSERT INTO `payment` VALUES (171, 324, 2, 463.00, 0, NULL, NULL, NULL, '2026-02-26 15:43:03');
INSERT INTO `payment` VALUES (172, 324, 3, 463.00, 0, NULL, NULL, NULL, '2026-02-26 15:43:03');
INSERT INTO `payment` VALUES (173, 325, 2, 762.00, 1, '2025-05-22 17:00:00', 1, 'TRX1772091782535680', '2026-02-26 15:43:03');
INSERT INTO `payment` VALUES (174, 325, 3, 762.00, 1, '2025-05-19 17:00:00', 3, 'TRX1772091782536718', '2026-02-26 15:43:03');
INSERT INTO `payment` VALUES (175, 326, 2, 488.00, 1, '2025-06-27 22:00:00', 3, 'TRX1772091782538322', '2026-02-26 15:43:03');
INSERT INTO `payment` VALUES (176, 326, 3, 488.00, 1, '2025-06-26 16:00:00', 2, 'TRX1772091782538260', '2026-02-26 15:43:03');
INSERT INTO `payment` VALUES (177, 327, 2, 320.50, 1, '2025-06-25 18:00:00', 3, 'TRX1772091782539974', '2026-02-26 15:43:03');
INSERT INTO `payment` VALUES (178, 327, 3, 320.50, 1, '2025-06-22 17:00:00', 2, 'TRX177209178253973', '2026-02-26 15:43:03');
INSERT INTO `payment` VALUES (179, 328, 2, 840.00, 1, '2025-06-25 21:00:00', 3, 'TRX1772091782542825', '2026-02-26 15:43:03');
INSERT INTO `payment` VALUES (180, 328, 3, 840.00, 1, '2025-06-25 21:00:00', 2, 'TRX177209178254262', '2026-02-26 15:43:03');
INSERT INTO `payment` VALUES (181, 329, 2, 765.50, 0, NULL, NULL, NULL, '2026-02-26 15:43:03');
INSERT INTO `payment` VALUES (182, 329, 3, 765.50, 0, NULL, NULL, NULL, '2026-02-26 15:43:03');
INSERT INTO `payment` VALUES (183, 330, 2, 580.00, 1, '2025-06-18 11:00:00', 3, 'TRX1772091782548129', '2026-02-26 15:43:03');
INSERT INTO `payment` VALUES (184, 330, 3, 580.00, 1, '2025-06-19 14:00:00', 1, 'TRX1772091782549423', '2026-02-26 15:43:03');
INSERT INTO `payment` VALUES (185, 331, 2, 403.00, 1, '2025-06-19 00:00:00', 2, 'TRX1772091782551877', '2026-02-26 15:43:03');
INSERT INTO `payment` VALUES (186, 331, 3, 403.00, 1, '2025-06-20 19:00:00', 3, 'TRX1772091782553632', '2026-02-26 15:43:03');
INSERT INTO `payment` VALUES (187, 332, 2, 578.50, 0, NULL, NULL, NULL, '2026-02-26 15:43:03');
INSERT INTO `payment` VALUES (188, 332, 3, 578.50, 0, NULL, NULL, NULL, '2026-02-26 15:43:03');
INSERT INTO `payment` VALUES (189, 333, 2, 254.50, 0, NULL, NULL, NULL, '2026-02-26 15:43:03');
INSERT INTO `payment` VALUES (190, 333, 3, 254.50, 0, NULL, NULL, NULL, '2026-02-26 15:43:03');
INSERT INTO `payment` VALUES (191, 334, 2, 132.00, 1, '2025-07-18 17:00:00', 3, 'TRX1772091782560743', '2026-02-26 15:43:03');
INSERT INTO `payment` VALUES (192, 334, 3, 132.00, 1, '2025-07-21 10:00:00', 1, 'TRX1772091782562872', '2026-02-26 15:43:03');
INSERT INTO `payment` VALUES (193, 335, 2, 306.00, 1, '2025-07-23 14:00:00', 1, 'TRX1772091782563155', '2026-02-26 15:43:03');
INSERT INTO `payment` VALUES (194, 335, 3, 306.00, 1, '2025-07-21 18:00:00', 2, 'TRX1772091782563951', '2026-02-26 15:43:03');
INSERT INTO `payment` VALUES (195, 336, 2, 1137.61, 0, NULL, NULL, NULL, '2026-02-26 15:43:03');
INSERT INTO `payment` VALUES (196, 336, 3, 832.39, 0, NULL, NULL, NULL, '2026-02-26 15:43:03');
INSERT INTO `payment` VALUES (197, 337, 2, 285.50, 1, '2025-08-24 18:00:00', 2, 'TRX1772091782568271', '2026-02-26 15:43:03');
INSERT INTO `payment` VALUES (198, 337, 3, 285.50, 1, '2025-08-24 15:00:00', 3, 'TRX1772091782568449', '2026-02-26 15:43:03');
INSERT INTO `payment` VALUES (199, 338, 2, 118.00, 0, NULL, NULL, NULL, '2026-02-26 15:43:03');
INSERT INTO `payment` VALUES (200, 338, 3, 118.00, 0, NULL, NULL, NULL, '2026-02-26 15:43:03');
INSERT INTO `payment` VALUES (201, 339, 2, 280.50, 1, '2025-08-24 16:00:00', 3, 'TRX177209178257435', '2026-02-26 15:43:03');
INSERT INTO `payment` VALUES (202, 339, 3, 280.50, 1, '2025-08-22 20:00:00', 2, 'TRX1772091782574626', '2026-02-26 15:43:03');
INSERT INTO `payment` VALUES (203, 340, 2, 848.50, 1, '2025-08-19 22:00:00', 1, 'TRX177209178257796', '2026-02-26 15:43:03');
INSERT INTO `payment` VALUES (204, 340, 3, 848.50, 1, '2025-08-19 17:00:00', 1, 'TRX1772091782580873', '2026-02-26 15:43:03');
INSERT INTO `payment` VALUES (205, 341, 2, 215.00, 1, '2025-08-19 16:00:00', 1, 'TRX17720917825832', '2026-02-26 15:43:03');
INSERT INTO `payment` VALUES (206, 341, 3, 215.00, 1, '2025-08-19 17:00:00', 1, 'TRX1772091782583767', '2026-02-26 15:43:03');
INSERT INTO `payment` VALUES (207, 342, 2, 667.00, 0, NULL, NULL, NULL, '2026-02-26 15:43:03');
INSERT INTO `payment` VALUES (208, 342, 3, 667.00, 0, NULL, NULL, NULL, '2026-02-26 15:43:03');
INSERT INTO `payment` VALUES (209, 343, 2, 608.50, 1, '2025-09-20 20:00:00', 1, 'TRX1772091782587584', '2026-02-26 15:43:03');
INSERT INTO `payment` VALUES (210, 343, 3, 608.50, 1, '2025-09-17 14:00:00', 1, 'TRX1772091782589335', '2026-02-26 15:43:03');
INSERT INTO `payment` VALUES (211, 344, 2, 560.00, 1, '2025-09-21 17:00:00', 2, 'TRX1772091782592504', '2026-02-26 15:43:03');
INSERT INTO `payment` VALUES (212, 344, 3, 560.00, 1, '2025-09-20 19:00:00', 2, 'TRX1772091782593645', '2026-02-26 15:43:03');
INSERT INTO `payment` VALUES (213, 345, 2, 724.00, 1, '2025-09-23 12:00:00', 3, 'TRX1772091782594285', '2026-02-26 15:43:03');
INSERT INTO `payment` VALUES (214, 345, 3, 724.00, 1, '2025-09-24 17:00:00', 1, 'TRX1772091782595985', '2026-02-26 15:43:03');
INSERT INTO `payment` VALUES (215, 346, 2, 191.72, 1, '2025-09-19 15:00:00', 2, 'TRX1772091782600123', '2026-02-26 15:43:03');
INSERT INTO `payment` VALUES (216, 346, 3, 140.28, 1, '2025-09-19 17:00:00', 1, 'TRX1772091782600635', '2026-02-26 15:43:03');
INSERT INTO `payment` VALUES (217, 347, 2, 736.00, 1, '2025-09-20 15:00:00', 3, 'TRX1772091782603479', '2026-02-26 15:43:03');
INSERT INTO `payment` VALUES (218, 347, 3, 736.00, 1, '2025-09-20 12:00:00', 3, 'TRX1772091782603846', '2026-02-26 15:43:03');
INSERT INTO `payment` VALUES (219, 348, 2, 55.00, 0, NULL, NULL, NULL, '2026-02-26 15:43:03');
INSERT INTO `payment` VALUES (220, 348, 3, 55.00, 0, NULL, NULL, NULL, '2026-02-26 15:43:03');
INSERT INTO `payment` VALUES (221, 349, 2, 289.50, 1, '2025-10-18 13:00:00', 2, 'TRX1772091782608233', '2026-02-26 15:43:03');
INSERT INTO `payment` VALUES (222, 349, 3, 289.50, 1, '2025-10-16 12:00:00', 2, 'TRX1772091782609894', '2026-02-26 15:43:03');
INSERT INTO `payment` VALUES (223, 350, 2, 875.50, 1, '2025-10-25 10:00:00', 2, 'TRX1772091782611651', '2026-02-26 15:43:03');
INSERT INTO `payment` VALUES (224, 350, 3, 875.50, 1, '2025-10-25 17:00:00', 2, 'TRX1772091782612851', '2026-02-26 15:43:03');
INSERT INTO `payment` VALUES (225, 351, 2, 257.00, 1, '2025-10-20 22:00:00', 3, 'TRX1772091782614600', '2026-02-26 15:43:03');
INSERT INTO `payment` VALUES (226, 351, 3, 257.00, 1, '2025-10-20 16:00:00', 2, 'TRX1772091782614414', '2026-02-26 15:43:03');
INSERT INTO `payment` VALUES (227, 352, 2, 898.00, 1, '2025-10-23 17:00:00', 2, 'TRX1772091782617792', '2026-02-26 15:43:03');
INSERT INTO `payment` VALUES (228, 352, 3, 898.00, 1, '2025-10-23 18:00:00', 2, 'TRX1772091782617657', '2026-02-26 15:43:03');
INSERT INTO `payment` VALUES (229, 353, 2, 71.03, 1, '2025-10-27 13:00:00', 2, 'TRX1772091782620584', '2026-02-26 15:43:03');
INSERT INTO `payment` VALUES (230, 353, 3, 51.97, 1, '2025-10-25 17:00:00', 3, 'TRX1772091782620201', '2026-02-26 15:43:03');
INSERT INTO `payment` VALUES (231, 354, 2, 597.68, 1, '2025-11-19 14:00:00', 1, 'TRX1772091782626884', '2026-02-26 15:43:03');
INSERT INTO `payment` VALUES (232, 354, 3, 437.32, 1, '2025-11-18 10:00:00', 3, 'TRX1772091782628629', '2026-02-26 15:43:03');
INSERT INTO `payment` VALUES (233, 355, 2, 845.50, 1, '2025-11-27 23:00:00', 1, 'TRX1772091782629487', '2026-02-26 15:43:03');
INSERT INTO `payment` VALUES (234, 355, 3, 845.50, 1, '2025-11-26 18:00:00', 3, 'TRX1772091782631429', '2026-02-26 15:43:03');
INSERT INTO `payment` VALUES (235, 356, 2, 207.89, 1, '2025-11-21 17:00:00', 1, 'TRX1772091782634807', '2026-02-26 15:43:03');
INSERT INTO `payment` VALUES (236, 356, 3, 152.11, 1, '2025-11-21 18:00:00', 2, 'TRX1772091782634557', '2026-02-26 15:43:03');
INSERT INTO `payment` VALUES (237, 357, 2, 416.00, 1, '2025-11-20 18:00:00', 1, 'TRX1772091782637259', '2026-02-26 15:43:03');
INSERT INTO `payment` VALUES (238, 357, 3, 416.00, 1, '2025-11-21 14:00:00', 1, 'TRX1772091782639465', '2026-02-26 15:43:03');
INSERT INTO `payment` VALUES (239, 358, 2, 968.50, 1, '2025-11-19 17:00:00', 2, 'TRX1772091782642262', '2026-02-26 15:43:03');
INSERT INTO `payment` VALUES (240, 358, 3, 968.50, 1, '2025-11-17 19:00:00', 3, 'TRX1772091782642129', '2026-02-26 15:43:03');
INSERT INTO `payment` VALUES (241, 359, 2, 860.50, 0, NULL, NULL, NULL, '2026-02-26 15:43:03');
INSERT INTO `payment` VALUES (242, 359, 3, 860.50, 0, NULL, NULL, NULL, '2026-02-26 15:43:03');
INSERT INTO `payment` VALUES (243, 360, 2, 166.31, 0, NULL, NULL, NULL, '2026-02-26 15:43:03');
INSERT INTO `payment` VALUES (244, 360, 3, 121.69, 0, NULL, NULL, NULL, '2026-02-26 15:43:03');
INSERT INTO `payment` VALUES (245, 361, 2, 149.00, 1, '2025-12-20 18:00:00', 2, 'TRX1772091782650931', '2026-02-26 15:43:03');
INSERT INTO `payment` VALUES (246, 361, 3, 149.00, 1, '2025-12-20 17:00:00', 1, 'TRX1772091782651492', '2026-02-26 15:43:03');
INSERT INTO `payment` VALUES (247, 362, 2, 660.62, 0, NULL, NULL, NULL, '2026-02-26 15:43:03');
INSERT INTO `payment` VALUES (248, 362, 3, 483.38, 0, NULL, NULL, NULL, '2026-02-26 15:43:03');
INSERT INTO `payment` VALUES (249, 363, 2, 234.00, 0, NULL, NULL, NULL, '2026-02-26 15:43:03');
INSERT INTO `payment` VALUES (250, 363, 3, 234.00, 0, NULL, NULL, NULL, '2026-02-26 15:43:03');
INSERT INTO `payment` VALUES (251, 364, 2, 624.50, 1, '2026-01-16 15:00:00', 2, 'TRX1772091782661384', '2026-02-26 15:43:03');
INSERT INTO `payment` VALUES (252, 364, 3, 624.50, 1, '2026-01-17 12:00:00', 2, 'TRX1772091782662942', '2026-02-26 15:43:03');
INSERT INTO `payment` VALUES (253, 365, 2, 296.00, 0, NULL, NULL, NULL, '2026-02-26 15:43:03');
INSERT INTO `payment` VALUES (254, 365, 3, 296.00, 0, NULL, NULL, NULL, '2026-02-26 15:43:03');
INSERT INTO `payment` VALUES (255, 366, 2, 869.66, 0, NULL, NULL, NULL, '2026-02-26 15:43:03');
INSERT INTO `payment` VALUES (256, 366, 3, 636.34, 0, NULL, NULL, NULL, '2026-02-26 15:43:03');
INSERT INTO `payment` VALUES (257, 367, 2, 1099.49, 1, '2026-01-22 12:00:00', 3, 'TRX1772091782671373', '2026-02-26 15:43:03');
INSERT INTO `payment` VALUES (258, 367, 3, 804.51, 1, '2026-01-23 13:00:00', 2, 'TRX1772091782671483', '2026-02-26 15:43:03');
INSERT INTO `payment` VALUES (259, 368, 2, 886.00, 1, '2026-02-25 13:00:00', 1, 'TRX1772091782673132', '2026-02-26 15:43:03');
INSERT INTO `payment` VALUES (260, 368, 3, 886.00, 1, '2026-02-26 10:00:00', 1, 'TRX1772091782674227', '2026-02-26 15:43:03');
INSERT INTO `payment` VALUES (261, 369, 2, 188.50, 0, NULL, NULL, NULL, '2026-02-26 15:43:03');
INSERT INTO `payment` VALUES (262, 369, 3, 188.50, 0, NULL, NULL, NULL, '2026-02-26 15:43:03');
INSERT INTO `payment` VALUES (263, 370, 2, 686.03, 1, '2026-02-20 17:00:00', 1, 'TRX1772091782679544', '2026-02-26 15:43:03');
INSERT INTO `payment` VALUES (264, 370, 3, 501.97, 1, '2026-02-20 23:00:00', 1, 'TRX1772091782679230', '2026-02-26 15:43:03');
INSERT INTO `payment` VALUES (265, 371, 2, 685.50, 1, '2026-02-19 15:00:00', 1, 'TRX177209178268132', '2026-02-26 15:43:03');
INSERT INTO `payment` VALUES (266, 371, 3, 685.50, 1, '2026-02-17 16:00:00', 3, 'TRX1772091782682639', '2026-02-26 15:43:03');
INSERT INTO `payment` VALUES (267, 372, 2, 618.46, 0, NULL, NULL, NULL, '2026-02-26 15:43:03');
INSERT INTO `payment` VALUES (268, 372, 3, 452.54, 0, NULL, NULL, NULL, '2026-02-26 15:43:03');
INSERT INTO `payment` VALUES (269, 373, 2, 410.67, 0, NULL, NULL, NULL, '2026-03-03 16:39:03');
INSERT INTO `payment` VALUES (270, 373, 3, 410.67, 0, NULL, NULL, NULL, '2026-03-03 16:39:03');
INSERT INTO `payment` VALUES (281, 374, 2, 1.00, 0, NULL, NULL, NULL, '2026-03-03 17:21:25');
INSERT INTO `payment` VALUES (282, 374, 3, 1.00, 0, NULL, NULL, NULL, '2026-03-03 17:21:25');
INSERT INTO `payment` VALUES (284, 376, 2, 0.00, 1, '2026-03-03 17:33:41', 1, 'PAY1772530421199', '2026-03-03 17:21:46');
INSERT INTO `payment` VALUES (285, 376, 3, 0.00, 0, NULL, NULL, NULL, '2026-03-03 17:21:46');
INSERT INTO `payment` VALUES (287, 377, 2, 600.00, 1, '2026-03-03 18:05:51', 1, 'PAY1772532351437', '2026-03-03 17:35:22');
INSERT INTO `payment` VALUES (288, 377, 3, 720.00, 0, NULL, NULL, NULL, '2026-03-03 17:35:22');
INSERT INTO `payment` VALUES (290, 378, 2, 66.67, 0, NULL, NULL, NULL, '2026-03-04 22:55:35');
INSERT INTO `payment` VALUES (291, 378, 3, 66.67, 0, NULL, NULL, NULL, '2026-03-04 22:55:35');

-- ----------------------------
-- Table structure for room
-- ----------------------------
DROP TABLE IF EXISTS `room`;
CREATE TABLE `room`  (
  `id` bigint NOT NULL AUTO_INCREMENT COMMENT '主键ID',
  `apartment_id` bigint NOT NULL COMMENT '所属公寓ID',
  `room_number` varchar(20) CHARACTER SET utf8mb3 COLLATE utf8mb3_bin NOT NULL COMMENT '房间号',
  `area` decimal(5, 2) NULL DEFAULT 0.00 COMMENT '房间面积',
  `current_user_id` bigint NULL DEFAULT NULL COMMENT '当前租客ID',
  `status` tinyint NULL DEFAULT 0 COMMENT '状态：0-空置，1-已入住',
  `create_time` datetime NULL DEFAULT CURRENT_TIMESTAMP COMMENT '创建时间',
  PRIMARY KEY (`id`) USING BTREE,
  INDEX `apartment_id`(`apartment_id` ASC) USING BTREE,
  INDEX `current_user_id`(`current_user_id` ASC) USING BTREE,
  CONSTRAINT `room_ibfk_1` FOREIGN KEY (`apartment_id`) REFERENCES `apartment` (`id`) ON DELETE RESTRICT ON UPDATE RESTRICT,
  CONSTRAINT `room_ibfk_2` FOREIGN KEY (`current_user_id`) REFERENCES `user` (`id`) ON DELETE RESTRICT ON UPDATE RESTRICT
) ENGINE = InnoDB AUTO_INCREMENT = 10 CHARACTER SET = utf8mb3 COLLATE = utf8mb3_bin ROW_FORMAT = Dynamic;

-- ----------------------------
-- Records of room
-- ----------------------------
INSERT INTO `room` VALUES (1, 1, '主卧', 18.00, 3, 1, '2026-02-24 16:31:34');
INSERT INTO `room` VALUES (2, 1, '次卧1', 15.00, 2, 1, '2026-02-24 16:31:34');

-- ----------------------------
-- Table structure for task
-- ----------------------------
DROP TABLE IF EXISTS `task`;
CREATE TABLE `task`  (
  `id` bigint NOT NULL AUTO_INCREMENT COMMENT '主键ID',
  `apartment_id` bigint NOT NULL COMMENT '所属公寓ID',
  `title` varchar(100) CHARACTER SET utf8mb3 COLLATE utf8mb3_bin NOT NULL COMMENT '事务标题',
  `description` text CHARACTER SET utf8mb3 COLLATE utf8mb3_bin NULL COMMENT '事务描述',
  `task_type` tinyint NOT NULL COMMENT '事务类型：1-值日，2-维修，3-采购，4-其他',
  `creator_id` bigint NOT NULL COMMENT '发起人ID',
  `assignee_id` bigint NULL DEFAULT NULL COMMENT '责任人ID',
  `deadline` datetime NULL DEFAULT NULL COMMENT '截止日期',
  `status` tinyint NULL DEFAULT 0 COMMENT '状态：0-待处理，1-进行中，2-已完成，3-已取消',
  `create_time` datetime NULL DEFAULT CURRENT_TIMESTAMP COMMENT '创建时间',
  PRIMARY KEY (`id`) USING BTREE,
  INDEX `apartment_id`(`apartment_id` ASC) USING BTREE,
  INDEX `creator_id`(`creator_id` ASC) USING BTREE,
  INDEX `assignee_id`(`assignee_id` ASC) USING BTREE,
  CONSTRAINT `task_ibfk_1` FOREIGN KEY (`apartment_id`) REFERENCES `apartment` (`id`) ON DELETE RESTRICT ON UPDATE RESTRICT,
  CONSTRAINT `task_ibfk_2` FOREIGN KEY (`creator_id`) REFERENCES `user` (`id`) ON DELETE RESTRICT ON UPDATE RESTRICT,
  CONSTRAINT `task_ibfk_3` FOREIGN KEY (`assignee_id`) REFERENCES `user` (`id`) ON DELETE RESTRICT ON UPDATE RESTRICT
) ENGINE = InnoDB AUTO_INCREMENT = 8 CHARACTER SET = utf8mb3 COLLATE = utf8mb3_bin ROW_FORMAT = Dynamic;

-- ----------------------------
-- Records of task
-- ----------------------------
INSERT INTO `task` VALUES (1, 1, '本周值日表', '张三打扫客厅，李四打扫厨房，王五打扫卫生间', 1, 1, 1, '2026-03-01 20:00:00', 2, '2026-02-24 10:00:00');
INSERT INTO `task` VALUES (2, 1, '洗衣机维修', '洗衣机脱水时有异响，需要联系师傅上门', 2, 2, 2, '2026-03-05 18:00:00', 2, '2026-02-25 09:30:00');
INSERT INTO `task` VALUES (3, 1, '下月宽带续费', '3月底宽带到期，大家商量是否更换运营商', 4, 1, 1, '2026-03-25 23:59:59', 0, '2026-02-27 11:00:00');

-- ----------------------------
-- Table structure for user
-- ----------------------------
DROP TABLE IF EXISTS `user`;
CREATE TABLE `user`  (
  `id` bigint NOT NULL AUTO_INCREMENT COMMENT '主键ID',
  `username` varchar(50) CHARACTER SET utf8mb3 COLLATE utf8mb3_bin NOT NULL COMMENT '用户名',
  `password` varchar(255) CHARACTER SET utf8mb3 COLLATE utf8mb3_bin NOT NULL COMMENT '密码',
  `phone` varchar(11) CHARACTER SET utf8mb3 COLLATE utf8mb3_bin NOT NULL COMMENT '手机号',
  `email` varchar(100) CHARACTER SET utf8mb3 COLLATE utf8mb3_bin NULL DEFAULT NULL COMMENT '邮箱',
  `avatar` varchar(255) CHARACTER SET utf8mb3 COLLATE utf8mb3_bin NULL DEFAULT NULL COMMENT '头像URL',
  `role` tinyint NULL DEFAULT 0 COMMENT '角色：0-租客，1-房东',
  `apartment_id` bigint NULL DEFAULT NULL COMMENT '所属公寓ID（租客入住哪个公寓，房东拥有哪个公寓）',
  `room_id` bigint NULL DEFAULT NULL COMMENT '所属房间ID（租客住哪个房间，房东为NULL',
  `check_in_date` date NULL DEFAULT NULL COMMENT '入住日期',
  `status` tinyint NULL DEFAULT 1 COMMENT '状态：0-禁用，1-正常',
  `create_time` datetime NULL DEFAULT CURRENT_TIMESTAMP COMMENT '创建时间',
  PRIMARY KEY (`id`) USING BTREE
) ENGINE = InnoDB AUTO_INCREMENT = 13 CHARACTER SET = utf8mb3 COLLATE = utf8mb3_bin ROW_FORMAT = Dynamic;

-- ----------------------------
-- Records of user
-- ----------------------------
INSERT INTO `user` VALUES (1, '张三', '$2a$10$Y.i6aHjgqNnbzJaKsPOP/uDodGtuYp.rY6OI3rVoWHrESRLckyz8i', '13800138001', 'zhangsan@example.com', NULL, 1, 1, NULL, '2025-09-01', 1, '2026-02-24 16:31:29');
INSERT INTO `user` VALUES (2, '3块就教怎么玩剑魔', '$2a$10$Y.i6aHjgqNnbzJaKsPOP/uDodGtuYp.rY6OI3rVoWHrESRLckyz8i', '13800138002', 'lisi@example.com', NULL, 0, 1, 1, '2025-09-01', 1, '2026-02-24 16:31:29');
INSERT INTO `user` VALUES (3, '王五', '$2a$10$Y.i6aHjgqNnbzJaKsPOP/uDodGtuYp.rY6OI3rVoWHrESRLckyz8i', '13800138003', 'wangwu@example.com', NULL, 0, 1, 2, '2025-10-15', 1, '2026-02-24 16:31:29');

SET FOREIGN_KEY_CHECKS = 1;
